{"cameraMode":{"drawMode":0,"name":"Shaded","section":"Shading Mode"},"sceneLighting":false,"audioPlay":false,"sceneViewState":{"m_AlwaysRefresh":false,"showFog":true,"showSkybox":false,"showFlares":true,"showImageEffects":true,"showParticleSystems":true,"showVisualEffectGraphs":true,"m_FxEnabled":true},"in2DMode":false,"pivot":{"x":0.02352912724018097,"y":0.34142953157424929,"z":0.6716396808624268},"rotation":{"x":0.2822743058204651,"y":-0.2681731879711151,"z":0.08251548558473587,"w":0.917388916015625},"size":3.6621696949005129,"orthographic":false}