{"cameraMode":{"drawMode":0,"name":"Shaded","section":"Shading Mode"},"sceneLighting":false,"audioPlay":false,"sceneViewState":{"m_AlwaysRefresh":false,"showFog":true,"showSkybox":false,"showFlares":true,"showImageEffects":true,"showParticleSystems":true,"showVisualEffectGraphs":true,"m_FxEnabled":true},"in2DMode":false,"pivot":{"x":-0.44761085510253909,"y":-2.066582679748535,"z":-0.1676655411720276},"rotation":{"x":0.31424036622047427,"y":-0.3960486054420471,"z":0.14636796712875367,"w":0.8502927422523499},"size":0.8660253882408142,"orthographic":false}