{"cameraMode":{"drawMode":0,"name":"Shaded","section":"Shading Mode"},"sceneLighting":false,"audioPlay":false,"sceneViewState":{"m_AlwaysRefresh":false,"showFog":true,"showSkybox":false,"showFlares":true,"showImageEffects":true,"showParticleSystems":true,"showVisualEffectGraphs":true,"m_FxEnabled":true},"in2DMode":false,"pivot":{"x":-0.010826855897903443,"y":0.009405255317687989,"z":0.02905753254890442},"rotation":{"x":-0.07422979176044464,"y":0.9127301573753357,"z":-0.3529670238494873,"w":-0.19197393953800202},"size":0.2272745817899704,"orthographic":true}